Modelo;F1;Precisão;Acurácia;Recall;Tempo de Predição
CNN;0.9096873632405544;0.9106553430840398;0.9094;0.9094;0.9684836864471436
